-3.502680000000000238e-01,2.297760000000000080e-01,1.000000000000000000e+00
-2.028419999999999945e-01,-1.072850000000000054e-01,4.000000000000000000e+00
-1.051699999999999996e-01,1.619159999999999914e-03,3.000000000000000000e+00
-3.033750000000000058e-01,-2.704869999999999775e-01,4.000000000000000000e+00
1.638999999999999901e-01,4.207440000000000069e-01,2.000000000000000000e+00
1.590090000000000114e-01,4.029429999999999956e-01,2.000000000000000000e+00
-3.728119999999999767e-01,-2.420209999999999861e-01,4.000000000000000000e+00
-3.159880000000000327e-02,1.891859999999999931e-01,2.000000000000000000e+00
2.725980000000000070e-02,-4.888750000000000040e-02,3.000000000000000000e+00
-5.488590000000000135e-02,3.616349999999999842e-01,2.000000000000000000e+00
-3.838770000000000238e-01,-5.218049999999999772e-02,4.000000000000000000e+00
-4.099010000000000153e-01,-1.589770000000000072e-01,4.000000000000000000e+00
2.325819999999999971e-02,2.381419999999999926e-01,2.000000000000000000e+00
1.288990000000000058e-03,1.944309999999999927e-01,2.000000000000000000e+00
9.929300000000000279e-03,1.842239999999999989e-01,2.000000000000000000e+00
-4.002180000000000182e-01,-2.271680000000000088e-01,4.000000000000000000e+00
-3.420810000000000239e-01,-3.701449999999999879e-02,4.000000000000000000e+00
-2.675609999999999933e-01,-8.553349999999999842e-02,4.000000000000000000e+00
5.289290000000000311e-03,2.799059999999999881e-01,2.000000000000000000e+00
1.089070000000000038e-01,1.674190000000000123e-01,2.000000000000000000e+00
-6.151090000000000030e-02,6.290850000000000608e-02,3.000000000000000000e+00
1.176009999999999972e-01,-4.508689999999999920e-02,3.000000000000000000e+00
2.752030000000000101e-02,-8.686109999999999665e-02,3.000000000000000000e+00
8.303249999999999520e-02,4.065980000000000150e-01,2.000000000000000000e+00
-2.770460000000000145e-01,1.921039999999999970e-01,1.000000000000000000e+00
1.689440000000000108e-01,3.884730000000000127e-02,3.000000000000000000e+00
-2.304690000000000072e-01,8.865770000000000595e-02,1.000000000000000000e+00
1.451620000000000132e-01,4.032259999999999733e-01,2.000000000000000000e+00
8.063099999999999434e-02,-1.239819999999999985e-02,3.000000000000000000e+00
-6.662689999999999758e-03,2.054620000000000057e-01,2.000000000000000000e+00
-2.014930000000000054e-01,1.679110000000000047e-01,1.000000000000000000e+00
9.433840000000000281e-02,1.988929999999999865e-01,2.000000000000000000e+00
1.549079999999999901e-01,5.696779999999999899e-02,3.000000000000000000e+00
-4.990900000000000197e-02,2.346030000000000060e-01,2.000000000000000000e+00
-1.388409999999999922e-01,-1.912830000000000086e-01,4.000000000000000000e+00
-2.755210000000000159e-01,-1.079790000000000055e-01,4.000000000000000000e+00
2.536769999999999997e-02,-7.703100000000000225e-02,3.000000000000000000e+00
1.705000000000000127e-01,2.743720000000000048e-01,2.000000000000000000e+00
-3.151079999999999992e-01,-1.934089999999999976e-01,4.000000000000000000e+00
1.192480000000000068e-01,2.472799999999999998e-02,3.000000000000000000e+00
2.571390000000000134e-02,-9.669189999999999729e-02,3.000000000000000000e+00
9.272199999999999886e-02,-1.905669999999999933e-02,3.000000000000000000e+00
-7.853319999999999745e-02,-2.397279999999999897e-02,3.000000000000000000e+00
9.180259999999999809e-02,3.813460000000000183e-01,2.000000000000000000e+00
5.741210000000000063e-02,2.913609999999999811e-01,2.000000000000000000e+00
-2.265270000000000061e-01,5.549130000000000035e-02,1.000000000000000000e+00
-4.731040000000000245e-02,6.090539999999999843e-02,3.000000000000000000e+00
-2.467979999999999896e-01,5.186389999999999750e-02,1.000000000000000000e+00
-1.753399999999999959e-01,1.706249999999999989e-01,1.000000000000000000e+00
6.660480000000000567e-02,3.837769999999999793e-01,2.000000000000000000e+00
-2.247139999999999971e-01,-1.082010000000000055e-01,4.000000000000000000e+00
-2.493690000000000073e-01,-2.256360000000000032e-01,4.000000000000000000e+00
-3.757210000000000272e-01,1.878640000000000032e-01,1.000000000000000000e+00
-1.775389999999999954e-02,3.569189999999999863e-01,2.000000000000000000e+00
8.741899999999999671e-02,-3.386779999999999825e-03,3.000000000000000000e+00
1.390780000000000072e-01,2.733340000000000214e-01,2.000000000000000000e+00
1.120960000000000012e-01,3.509219999999999701e-02,3.000000000000000000e+00
-9.409149999999999459e-02,2.102280000000000121e-02,3.000000000000000000e+00
-4.455040000000000111e-01,-2.729639999999999844e-01,4.000000000000000000e+00
5.035579999999999917e-02,1.888460000000000139e-01,2.000000000000000000e+00
-4.273159999999999736e-01,-1.542449999999999932e-01,4.000000000000000000e+00
-1.709960000000000091e-01,1.563350000000000017e-01,1.000000000000000000e+00
-2.683340000000000031e-02,-3.764529999999999960e-02,3.000000000000000000e+00
-3.678890000000000216e-01,-1.739580000000000015e-01,4.000000000000000000e+00
-3.492970000000000103e-02,-7.056459999999999642e-03,3.000000000000000000e+00
-3.830799999999999761e-01,2.502869999999999817e-01,1.000000000000000000e+00
-3.734839999999999827e-01,-1.400830000000000131e-01,4.000000000000000000e+00
-3.871769999999999934e-01,-1.402770000000000128e-01,4.000000000000000000e+00
1.541540000000000132e-01,3.242610000000000214e-01,2.000000000000000000e+00
-2.230199999999999960e-01,4.676870000000000333e-02,1.000000000000000000e+00
1.528420000000000056e-01,4.100730000000000208e-01,2.000000000000000000e+00
-3.819920000000000260e-02,2.403820000000000123e-01,2.000000000000000000e+00
6.279969999999999997e-02,5.885730000000000128e-02,3.000000000000000000e+00
-2.527980000000000227e-01,2.431909999999999905e-01,1.000000000000000000e+00
1.109409999999999979e-01,1.660949999999999926e-01,2.000000000000000000e+00
7.381649999999999323e-02,3.411629999999999940e-01,2.000000000000000000e+00
-2.753479999999999817e-01,-1.039770000000000000e-01,4.000000000000000000e+00
-3.902309999999999807e-02,2.208150000000000113e-01,2.000000000000000000e+00
-3.269870000000000276e-01,-7.286140000000000672e-02,4.000000000000000000e+00
1.451800000000000035e-01,4.171280000000000127e-02,3.000000000000000000e+00
-1.992539999999999867e-01,1.971449999999999869e-01,1.000000000000000000e+00
-2.586120000000000085e-01,-1.562340000000000118e-01,4.000000000000000000e+00
-2.279239999999999877e-01,2.315669999999999951e-01,1.000000000000000000e+00
1.448649999999999938e-01,2.045059999999999933e-02,3.000000000000000000e+00
-7.432070000000000343e-02,3.255469999999999753e-01,2.000000000000000000e+00
-3.450170000000000181e-01,-2.542730000000000268e-01,4.000000000000000000e+00
-3.720310000000000006e-01,-1.501570000000000127e-01,4.000000000000000000e+00
-2.084570000000000034e-01,-2.738220000000000098e-01,4.000000000000000000e+00
1.628380000000000105e-02,9.605650000000000299e-02,3.000000000000000000e+00
-1.819189999999999974e-01,2.116180000000000005e-01,1.000000000000000000e+00
2.649090000000000125e-02,-2.646400000000000141e-02,3.000000000000000000e+00
-3.657180000000000153e-02,3.075519999999999921e-01,2.000000000000000000e+00
2.383510000000000142e-02,-8.667329999999999479e-02,3.000000000000000000e+00
-1.576299999999999923e-01,-1.190969999999999945e-01,4.000000000000000000e+00
1.279720000000000024e-01,2.512460000000000249e-01,2.000000000000000000e+00
-7.337040000000000228e-02,2.519600000000000173e-01,2.000000000000000000e+00
1.755400000000000016e-01,3.336130000000000345e-02,3.000000000000000000e+00
3.599240000000000078e-02,3.865040000000000142e-01,2.000000000000000000e+00
-2.569890000000000230e-01,-2.940800000000000081e-01,4.000000000000000000e+00
-3.194530000000000286e-02,2.328850000000000087e-01,2.000000000000000000e+00
-5.327679999999999916e-02,3.581880000000000064e-01,2.000000000000000000e+00
-4.004150000000000070e-02,9.863239999999999508e-02,3.000000000000000000e+00
-1.002880000000000021e-01,-1.638060000000000072e-01,4.000000000000000000e+00
-1.210750000000000021e-01,-1.208489999999999981e-01,4.000000000000000000e+00
6.836720000000000297e-02,-5.823099999999999804e-02,3.000000000000000000e+00
-4.537549999999999917e-02,-3.793389999999999956e-02,3.000000000000000000e+00
7.457519999999999427e-02,-1.079529999999999934e-01,3.000000000000000000e+00
1.040809999999999999e-02,1.981360000000000066e-02,3.000000000000000000e+00
9.578680000000000527e-02,-6.672419999999999740e-02,3.000000000000000000e+00
-8.650770000000000334e-03,2.817769999999999997e-01,2.000000000000000000e+00
1.377599999999999936e-01,2.116290000000000115e-01,2.000000000000000000e+00
-3.629330000000000056e-01,-2.348300000000000110e-01,4.000000000000000000e+00
-9.238180000000000003e-02,2.862620000000000164e-01,2.000000000000000000e+00
5.711909999999999904e-02,-2.317550000000000165e-02,3.000000000000000000e+00
-2.485150000000000137e-01,-3.173509999999999942e-01,4.000000000000000000e+00
4.070050000000000057e-02,-5.647220000000000018e-02,3.000000000000000000e+00
-2.313880000000000103e-01,-1.116250000000000020e-01,4.000000000000000000e+00
-6.910890000000000088e-02,-5.041670000000000179e-02,3.000000000000000000e+00
-3.321589999999999820e-01,1.350939999999999919e-01,1.000000000000000000e+00
3.740620000000000056e-02,1.747239999999999904e-02,3.000000000000000000e+00
-3.766309999999999936e-01,-2.860590000000000077e-01,4.000000000000000000e+00
-3.166220000000000145e-01,-4.324009999999999659e-02,4.000000000000000000e+00
-5.141479999999999662e-02,2.696990000000000220e-01,2.000000000000000000e+00
-3.621349999999999847e-01,-1.155769999999999992e-01,4.000000000000000000e+00
-4.581640000000000018e-02,-4.401189999999999963e-02,3.000000000000000000e+00
-4.981239999999999973e-02,-5.828549999999999703e-02,3.000000000000000000e+00
-2.961329999999999796e-01,-2.290599999999999928e-02,4.000000000000000000e+00
-3.655599999999999961e-01,-6.545130000000000392e-02,4.000000000000000000e+00
-1.144570000000000032e-01,5.438239999999999741e-02,3.000000000000000000e+00
-3.869420000000000082e-01,-2.128019999999999912e-01,4.000000000000000000e+00
-7.104019999999999779e-02,7.285010000000000097e-02,3.000000000000000000e+00
-2.287289999999999879e-01,-1.974509999999999876e-01,4.000000000000000000e+00
1.744340000000000057e-01,2.654279999999999973e-01,2.000000000000000000e+00
-3.343639999999999807e-02,3.322320000000000273e-01,2.000000000000000000e+00
-1.166890000000000011e-01,-1.533249999999999891e-01,4.000000000000000000e+00
-1.008279999999999940e-02,2.056600000000000095e-01,2.000000000000000000e+00
-2.853269999999999973e-01,2.593219999999999970e-01,1.000000000000000000e+00
-2.911590000000000011e-01,-1.957739999999999828e-02,4.000000000000000000e+00
-2.836609999999999965e-01,2.607539999999999858e-01,1.000000000000000000e+00
3.057440000000000158e-02,2.989870000000000028e-01,2.000000000000000000e+00
4.246359999999999718e-02,9.705220000000000513e-02,3.000000000000000000e+00
-1.960899999999999796e-03,2.827379999999999893e-01,2.000000000000000000e+00
-4.363879999999999981e-01,-1.515259999999999940e-01,4.000000000000000000e+00
-2.897310000000000163e-02,2.986469999999999958e-01,2.000000000000000000e+00
-2.458329999999999960e-01,4.129549999999999887e-02,1.000000000000000000e+00
-2.114129999999999898e-01,7.667269999999999641e-02,1.000000000000000000e+00
-1.182590000000000030e-01,-5.313049999999999717e-03,3.000000000000000000e+00
8.474279999999999313e-02,2.176929999999999976e-01,2.000000000000000000e+00
7.128370000000000192e-03,2.266450000000000131e-01,2.000000000000000000e+00
7.223730000000000429e-02,8.382570000000000299e-02,3.000000000000000000e+00
-2.952489999999999837e-01,2.016030000000000044e-01,1.000000000000000000e+00
-3.781379999999999741e-01,-1.156189999999999996e-01,4.000000000000000000e+00
-3.219810000000000172e-01,-2.722260000000000235e-01,4.000000000000000000e+00
-4.466629999999999767e-01,-1.997069999999999956e-01,4.000000000000000000e+00
-5.623639999999999889e-02,2.315470000000000028e-01,2.000000000000000000e+00
-2.937000000000000166e-01,-1.990640000000000118e-02,4.000000000000000000e+00
1.299099999999999977e-01,2.800480000000000191e-01,2.000000000000000000e+00
-4.138490000000000224e-01,-1.133139999999999981e-01,4.000000000000000000e+00
-3.246749999999999914e-01,2.882299999999999862e-01,1.000000000000000000e+00
-3.107530000000000014e-01,3.062590000000000034e-01,1.000000000000000000e+00
1.091020000000000045e-01,3.717750000000000221e-02,3.000000000000000000e+00
-4.481160000000000004e-02,-3.185949999999999893e-02,3.000000000000000000e+00
1.236389999999999989e-01,3.299440000000000150e-01,2.000000000000000000e+00
7.452040000000000053e-02,3.113170000000000104e-01,2.000000000000000000e+00
-9.099859999999999893e-02,1.282190000000000066e-02,3.000000000000000000e+00
8.628660000000000496e-02,2.793950000000000045e-01,2.000000000000000000e+00
-1.710569999999999868e-01,2.685759999999999814e-01,1.000000000000000000e+00
1.196750000000000036e-01,3.570380000000000220e-01,2.000000000000000000e+00
-3.657290000000000263e-01,-7.903979999999999340e-02,4.000000000000000000e+00
-4.215740000000000043e-01,-8.348769999999999802e-02,4.000000000000000000e+00
-9.642910000000000370e-02,3.626770000000000271e-01,2.000000000000000000e+00
-4.272529999999999939e-01,-2.620930000000000204e-01,4.000000000000000000e+00
-4.075879999999999781e-02,2.505180000000000184e-01,2.000000000000000000e+00
3.471579999999999805e-02,2.736660000000000204e-01,2.000000000000000000e+00
3.035540000000000113e-02,4.051830000000000154e-01,2.000000000000000000e+00
-2.960329999999999906e-01,1.538150000000000073e-01,1.000000000000000000e+00
-4.393940000000000068e-01,-2.682820000000000205e-01,4.000000000000000000e+00
-5.827520000000000096e-03,2.908000000000000029e-01,2.000000000000000000e+00
-3.899909999999999766e-01,-2.818089999999999762e-01,4.000000000000000000e+00
-3.510650000000000159e-01,-1.644569999999999921e-01,4.000000000000000000e+00
-2.643380000000000174e-01,2.315419999999999978e-01,1.000000000000000000e+00
4.351870000000000044e-02,3.131999999999999784e-01,2.000000000000000000e+00
2.762629999999999947e-02,2.933379999999999876e-01,2.000000000000000000e+00
5.953850000000000114e-02,1.735490000000000088e-01,2.000000000000000000e+00
-2.334809999999999941e-01,7.256509999999999350e-02,1.000000000000000000e+00
8.549189999999999567e-02,2.089439999999999908e-01,2.000000000000000000e+00
-2.048139999999999961e-01,8.190310000000000645e-02,1.000000000000000000e+00
-2.946540000000000270e-01,1.746109999999999884e-01,1.000000000000000000e+00
-4.409260000000000262e-02,2.531929999999999945e-02,3.000000000000000000e+00
-1.067349999999999965e-01,1.010550000000000059e-01,3.000000000000000000e+00
-3.231289999999999996e-01,-1.149120000000000003e-01,4.000000000000000000e+00
-3.944259999999999988e-01,-2.855440000000000200e-01,4.000000000000000000e+00
-1.082999999999999935e-01,-7.643790000000000133e-03,3.000000000000000000e+00
-7.246950000000000613e-02,8.694520000000000026e-02,3.000000000000000000e+00
-3.592770000000000130e-01,-1.101779999999999982e-01,4.000000000000000000e+00
1.172269999999999979e-01,8.838899999999999535e-02,3.000000000000000000e+00
-3.059100000000000014e-02,3.712799999999999989e-01,2.000000000000000000e+00
-4.244569999999999732e-01,-1.297200000000000020e-01,4.000000000000000000e+00
-4.335930000000000062e-01,-2.529460000000000042e-01,4.000000000000000000e+00
-2.794710000000000250e-01,-1.734890000000000043e-01,4.000000000000000000e+00
8.494930000000000536e-02,3.326330000000000120e-01,2.000000000000000000e+00
8.591650000000000675e-02,7.846649999999999459e-02,3.000000000000000000e+00
-5.963159999999999988e-02,3.217900000000000205e-01,2.000000000000000000e+00
-3.207920000000000216e-01,-1.348020000000000052e-01,4.000000000000000000e+00
1.300910000000000122e-01,-6.807159999999999600e-02,3.000000000000000000e+00
-3.166349999999999998e-01,-1.082160000000000066e-01,4.000000000000000000e+00
5.745750000000000163e-02,1.458540000000000010e-02,3.000000000000000000e+00
-3.103420000000000067e-01,3.216570000000000262e-01,1.000000000000000000e+00
-4.115150000000000197e-01,-1.382460000000000078e-01,4.000000000000000000e+00
1.443280000000000118e-01,2.829559999999999853e-01,2.000000000000000000e+00
-9.200859999999999594e-02,3.291810000000000014e-01,2.000000000000000000e+00
4.933329999999999660e-02,3.798860000000000015e-01,2.000000000000000000e+00
-9.255349999999999688e-02,-6.536069999999999380e-02,3.000000000000000000e+00
3.001119999999999829e-02,2.895739999999999981e-01,2.000000000000000000e+00
1.426199999999999968e-01,2.815320000000000045e-01,2.000000000000000000e+00
1.808289999999999897e-02,3.510499999999999732e-01,2.000000000000000000e+00
-6.805010000000000225e-02,1.232169999999999932e-01,3.000000000000000000e+00
-2.299259999999999915e-01,3.821859999999999841e-02,1.000000000000000000e+00
-3.130600000000000049e-02,2.034209999999999907e-01,2.000000000000000000e+00
-3.642340000000000022e-01,-3.820919999999999872e-02,4.000000000000000000e+00
-8.479059999999999375e-02,3.329239999999999977e-01,2.000000000000000000e+00
7.117900000000000615e-02,2.148190000000000099e-01,2.000000000000000000e+00
-3.642170000000000130e-01,-1.931499999999999884e-01,4.000000000000000000e+00
5.004139999999999977e-02,1.857479999999999964e-01,2.000000000000000000e+00
6.371459999999999624e-02,4.086179999999999812e-01,2.000000000000000000e+00
9.690880000000000327e-02,-5.474510000000000140e-04,3.000000000000000000e+00
1.399610000000000021e-01,5.794860000000000289e-02,3.000000000000000000e+00
-2.772390000000000132e-01,3.205109999999999904e-01,1.000000000000000000e+00
-2.963069999999999940e-02,2.990309999999999913e-01,2.000000000000000000e+00
-1.218150000000000066e-01,-1.050299999999999984e-01,4.000000000000000000e+00
-1.599750000000000061e-01,-1.822870000000000046e-01,4.000000000000000000e+00
1.448599999999999888e-01,2.512099999999999889e-01,2.000000000000000000e+00
4.882050000000000278e-02,1.934120000000000006e-01,2.000000000000000000e+00
9.582459999999999589e-02,-3.388549999999999895e-02,3.000000000000000000e+00
-2.585930000000000173e-02,-1.189379999999999951e-02,3.000000000000000000e+00
-2.608860000000000068e-01,1.308890000000000053e-01,1.000000000000000000e+00
-8.695990000000000664e-02,1.117380000000000040e-01,3.000000000000000000e+00
-3.686409999999999965e-01,2.020480000000000054e-01,1.000000000000000000e+00
6.407670000000000032e-02,3.378410000000000024e-01,2.000000000000000000e+00
5.546210000000000029e-02,2.371360000000000134e-01,2.000000000000000000e+00
-3.910350000000000215e-01,2.585740000000000260e-01,1.000000000000000000e+00
-3.483289999999999997e-01,-1.029859999999999942e-01,4.000000000000000000e+00
-3.212070000000000203e-01,2.966679999999999873e-01,1.000000000000000000e+00
3.672450000000000020e-02,-8.356379999999999364e-02,3.000000000000000000e+00
-1.323600000000000054e-01,-1.308670000000000111e-01,4.000000000000000000e+00
2.524179999999999827e-02,3.823579999999999757e-01,2.000000000000000000e+00
-9.598320000000000463e-02,-3.505590000000000095e-02,3.000000000000000000e+00
3.302869999999999851e-03,9.360720000000000152e-02,3.000000000000000000e+00
3.264770000000000172e-02,9.730999999999999373e-02,3.000000000000000000e+00
1.251869999999999927e-01,1.467770000000000012e-02,3.000000000000000000e+00
-3.582670000000000021e-01,-2.483180000000000109e-01,4.000000000000000000e+00
-3.796590000000000242e-01,-2.818609999999999727e-01,4.000000000000000000e+00
1.280459999999999932e-01,-5.976739999999999831e-02,3.000000000000000000e+00
-2.812899999999999845e-01,2.758849999999999913e-01,1.000000000000000000e+00
-2.923839999999999772e-01,-2.221349999999999991e-01,4.000000000000000000e+00
-1.792150000000000132e-01,-1.187249999999999972e-01,4.000000000000000000e+00
5.203789999999999805e-02,2.261029999999999984e-01,2.000000000000000000e+00
-6.992760000000000642e-02,2.638070000000000137e-01,2.000000000000000000e+00
3.933550000000000241e-02,-1.024339999999999973e-01,3.000000000000000000e+00
7.955049999999999621e-02,3.200810000000000044e-01,2.000000000000000000e+00
1.808569999999999900e-01,2.297959999999999933e-02,3.000000000000000000e+00
-8.000680000000000291e-02,-4.408100000000000213e-02,3.000000000000000000e+00
1.297079999999999900e-01,2.053879999999999872e-01,2.000000000000000000e+00
9.925680000000000613e-02,2.026570000000000038e-01,2.000000000000000000e+00
-3.208590000000000053e-01,-1.197379999999999972e-01,4.000000000000000000e+00
-3.966060000000000141e-01,-2.635779999999999790e-01,4.000000000000000000e+00
-2.834110000000000240e-01,2.985510000000000108e-01,1.000000000000000000e+00
-3.060050000000000270e-01,3.073370000000000268e-01,1.000000000000000000e+00
-3.447560000000000069e-01,-2.872020000000000128e-01,4.000000000000000000e+00
1.830149999999999832e-02,-1.658290000000000111e-02,3.000000000000000000e+00
-4.005230000000000179e-01,-4.089299999999999879e-02,4.000000000000000000e+00
1.927699999999999969e-01,2.368500000000000050e-01,2.000000000000000000e+00
-3.998260000000000147e-01,-2.568050000000000055e-01,4.000000000000000000e+00
-3.698230000000000128e-01,2.467799999999999994e-01,1.000000000000000000e+00
1.440980000000000039e-01,1.769060000000000077e-02,3.000000000000000000e+00
1.075649999999999940e-01,1.920880000000000087e-01,2.000000000000000000e+00
-3.425799999999999956e-01,1.961229999999999918e-01,1.000000000000000000e+00
6.410530000000000395e-02,-1.110410000000000008e-01,3.000000000000000000e+00
1.876549999999999885e-01,3.114230000000000054e-01,2.000000000000000000e+00
-2.685560000000000169e-01,-4.923140000000000155e-02,4.000000000000000000e+00
1.361009999999999998e-01,3.990119999999999778e-01,2.000000000000000000e+00
-2.737229999999999872e-02,-3.412409999999999749e-02,3.000000000000000000e+00
9.043869999999999687e-02,1.531160000000000021e-01,2.000000000000000000e+00
-9.918649999999999689e-02,3.431150000000000033e-01,2.000000000000000000e+00
-2.031030000000000058e-01,-2.226370000000000016e-01,4.000000000000000000e+00
-3.455810000000000271e-01,-5.773570000000000091e-02,4.000000000000000000e+00
6.063190000000000246e-02,6.786349999999999327e-02,3.000000000000000000e+00
-2.179260000000000086e-01,1.059559999999999946e-01,1.000000000000000000e+00
-2.961449999999999916e-01,-2.203170000000000128e-01,4.000000000000000000e+00
-6.185779999999999751e-02,8.554620000000000279e-02,3.000000000000000000e+00
-2.403740000000000043e-01,-1.793849999999999889e-01,4.000000000000000000e+00
2.975560000000000010e-02,-4.450359999999999733e-02,3.000000000000000000e+00
1.290479999999999960e-01,-4.744009999999999894e-02,3.000000000000000000e+00
1.320909999999999862e-01,-3.893989999999999951e-02,3.000000000000000000e+00
-3.166019999999999945e-01,-1.075789999999999941e-01,4.000000000000000000e+00
-4.426039999999999974e-01,-2.006509999999999960e-01,4.000000000000000000e+00
-3.285480000000000067e-01,2.847979999999999956e-01,1.000000000000000000e+00
5.313380000000000186e-02,6.357849999999999613e-02,3.000000000000000000e+00
-1.131380000000000025e-01,1.256970000000000032e-01,3.000000000000000000e+00
-2.371479999999999977e-01,1.042040000000000050e-01,1.000000000000000000e+00
7.859589999999999632e-02,2.076459999999999972e-01,2.000000000000000000e+00
-2.499929999999999930e-01,-1.677819999999999867e-01,4.000000000000000000e+00
8.491349999999999940e-03,3.531409999999999827e-01,2.000000000000000000e+00
5.076710000000000250e-02,2.884970000000000034e-01,2.000000000000000000e+00
1.317929999999999935e-01,2.036560000000000037e-01,2.000000000000000000e+00
-3.799089999999999967e-01,2.567050000000000165e-01,1.000000000000000000e+00
7.002610000000000258e-03,2.490499999999999936e-01,2.000000000000000000e+00
5.930150000000000005e-02,2.081639999999999879e-01,2.000000000000000000e+00
-1.250999999999999890e-01,5.787819999999999770e-02,3.000000000000000000e+00
-1.045439999999999980e-01,2.934539999999999926e-01,2.000000000000000000e+00
-3.497190000000000021e-01,-1.501470000000000027e-01,4.000000000000000000e+00
-1.901619999999999977e-01,1.171330000000000010e-01,1.000000000000000000e+00
-1.921819999999999917e-01,-2.647129999999999761e-01,4.000000000000000000e+00
-2.752370000000000094e-01,-1.753029999999999866e-01,4.000000000000000000e+00
-3.530400000000000205e-01,-1.819310000000000094e-01,4.000000000000000000e+00
-4.391329999999999713e-03,3.248960000000000181e-01,2.000000000000000000e+00
1.518569999999999920e-01,1.319150000000000010e-02,3.000000000000000000e+00
9.895879999999999954e-02,2.549480000000000079e-01,2.000000000000000000e+00
9.925409999999999788e-02,2.260119999999999907e-01,2.000000000000000000e+00
-2.517880000000000118e-01,-2.401800000000000046e-01,4.000000000000000000e+00
1.288390000000000091e-01,3.180220000000000269e-01,2.000000000000000000e+00
-3.101090000000000235e-01,3.063339999999999952e-01,1.000000000000000000e+00
8.629989999999999883e-02,-7.183459999999999845e-02,3.000000000000000000e+00
-9.394360000000000210e-02,-7.192940000000000444e-02,3.000000000000000000e+00
-2.205950000000000133e-01,3.045530000000000181e-01,1.000000000000000000e+00
-9.466439999999999577e-02,5.007770000000000277e-02,3.000000000000000000e+00
-9.745650000000000146e-02,2.916710000000000136e-01,2.000000000000000000e+00
-2.840770000000000239e-01,2.124189999999999967e-01,1.000000000000000000e+00
-1.003710000000000019e-01,3.464459999999999762e-01,2.000000000000000000e+00
-2.554210000000000091e-01,1.666690000000000116e-01,1.000000000000000000e+00
-3.051600000000000146e-02,3.261680000000000135e-01,2.000000000000000000e+00
6.210890000000000161e-02,6.209950000000000192e-02,3.000000000000000000e+00
-3.815120000000000178e-01,2.525740000000000207e-01,1.000000000000000000e+00
-3.658350000000000213e-01,1.923630000000000062e-01,1.000000000000000000e+00
-4.094559999999999866e-01,-1.367770000000000097e-01,4.000000000000000000e+00
-2.413069999999999937e-01,4.589239999999999986e-02,1.000000000000000000e+00
7.498130000000000073e-02,-1.183359999999999967e-02,3.000000000000000000e+00
-3.110470000000000179e-01,3.212880000000000180e-01,1.000000000000000000e+00
-9.053830000000000558e-03,2.275610000000000133e-01,2.000000000000000000e+00
-3.726880000000000193e-01,-1.365510000000000057e-01,4.000000000000000000e+00
-7.395309999999999384e-02,2.741069999999999895e-01,2.000000000000000000e+00
-2.207530000000000048e-01,-2.442779999999999951e-01,4.000000000000000000e+00
-3.248710000000000209e-01,2.790889999999999760e-01,1.000000000000000000e+00
-2.018310000000000104e-01,1.511029999999999873e-01,1.000000000000000000e+00
-2.753579999999999917e-01,-2.784789999999999766e-01,4.000000000000000000e+00
-3.795780000000000265e-01,-2.879039999999999933e-01,4.000000000000000000e+00
-2.266360000000000041e-01,-2.827259999999999773e-01,4.000000000000000000e+00
-7.412370000000000070e-02,1.246789999999999982e-01,3.000000000000000000e+00
1.815680000000000072e-01,2.351949999999999874e-01,2.000000000000000000e+00
-4.272679999999999811e-01,-2.122419999999999862e-01,4.000000000000000000e+00
-2.658960000000000212e-01,-1.846760000000000068e-01,4.000000000000000000e+00
-3.757240000000000024e-01,-1.855229999999999935e-01,4.000000000000000000e+00
1.264280000000000004e-03,3.143020000000000258e-01,2.000000000000000000e+00
5.753439999999999943e-02,3.017489999999999895e-01,2.000000000000000000e+00
-3.147650000000000170e-01,-6.344510000000000427e-02,4.000000000000000000e+00
-3.319259999999999988e-01,-1.831689999999999985e-01,4.000000000000000000e+00
1.035129999999999939e-01,3.101889999999999925e-01,2.000000000000000000e+00
9.710679999999999312e-03,-6.367599999999999649e-02,3.000000000000000000e+00
-2.288770000000000041e-02,4.052209999999999979e-01,2.000000000000000000e+00
9.089490000000000069e-02,3.200120000000000187e-01,2.000000000000000000e+00
-2.662349999999999994e-01,2.258149999999999880e-01,1.000000000000000000e+00
1.223719999999999947e-01,1.318350000000000077e-01,2.000000000000000000e+00
-1.759270000000000000e-01,2.773780000000000134e-01,1.000000000000000000e+00
-3.607159999999999811e-01,1.314700000000000035e-01,1.000000000000000000e+00
1.569500000000000062e-01,2.996139999999999914e-01,2.000000000000000000e+00
-2.830300000000000038e-01,2.184129999999999960e-01,1.000000000000000000e+00
-2.945479999999999765e-01,-1.246739999999999932e-01,4.000000000000000000e+00
-1.846849999999999881e-01,-2.362859999999999960e-01,4.000000000000000000e+00
-2.416919999999999902e-01,-9.865830000000000433e-02,4.000000000000000000e+00
-2.053099999999999925e-01,2.972480000000000122e-01,1.000000000000000000e+00
5.794049999999999895e-02,2.339070000000000038e-01,2.000000000000000000e+00
-3.769520000000000093e-01,-2.118389999999999995e-01,4.000000000000000000e+00
-1.927800000000000000e-02,2.814010000000000122e-01,2.000000000000000000e+00
1.283630000000000049e-01,1.454219999999999992e-02,3.000000000000000000e+00
-1.583459999999999868e-01,-2.188269999999999937e-01,4.000000000000000000e+00
-4.522160000000000069e-02,2.681799999999999740e-01,2.000000000000000000e+00
1.173929999999999974e-01,3.406040000000000179e-01,2.000000000000000000e+00
-1.796300000000000119e-01,2.107110000000000094e-01,1.000000000000000000e+00
-4.150519999999999765e-01,-1.866259999999999863e-01,4.000000000000000000e+00
-2.491889999999999938e-01,1.355540000000000078e-01,1.000000000000000000e+00
-2.153920000000000001e-01,-8.036880000000000412e-02,4.000000000000000000e+00
2.926269999999999913e-02,-7.270600000000000673e-02,3.000000000000000000e+00
-2.333320000000000116e-01,-1.851599999999999913e-01,4.000000000000000000e+00
8.672850000000000004e-02,2.737709999999999866e-01,2.000000000000000000e+00
1.368550000000000044e-01,2.877069999999999905e-01,2.000000000000000000e+00
-2.830770000000000231e-01,1.584139999999999993e-01,1.000000000000000000e+00
-2.713860000000000161e-01,-1.864729999999999999e-01,4.000000000000000000e+00
-2.546709999999999807e-01,3.076260000000000105e-01,1.000000000000000000e+00
-1.699189999999999867e-01,-1.309909999999999963e-01,4.000000000000000000e+00
-3.580479999999999774e-01,-1.250410000000000132e-01,4.000000000000000000e+00
-3.019479999999999942e-01,-1.998290000000000136e-02,4.000000000000000000e+00
1.636739999999999862e-01,2.943129999999999913e-01,2.000000000000000000e+00
-9.469900000000000539e-02,3.196019999999999972e-01,2.000000000000000000e+00
-1.914639999999999953e-01,2.096540000000000070e-01,1.000000000000000000e+00
-1.232909999999999978e-01,2.615599999999999870e-02,3.000000000000000000e+00
1.162610000000000032e-01,3.971220000000000305e-02,3.000000000000000000e+00
2.599399999999999974e-02,3.819110000000000005e-01,2.000000000000000000e+00
1.151029999999999970e-01,2.014289999999999969e-01,2.000000000000000000e+00
-3.978289999999999882e-01,-3.690179999999999849e-02,4.000000000000000000e+00
2.160509999999999931e-01,2.025629999999999931e-01,2.000000000000000000e+00
1.248149999999999954e-01,2.859719999999999970e-02,3.000000000000000000e+00
-4.037659999999999860e-02,2.190680000000000127e-01,2.000000000000000000e+00
-3.119480000000000169e-02,2.579699999999999771e-01,2.000000000000000000e+00
-3.970199999999999840e-01,-2.821359999999999979e-01,4.000000000000000000e+00
-2.897649999999999948e-01,1.598529999999999951e-01,1.000000000000000000e+00
-2.786489999999999800e-01,8.912860000000000227e-02,1.000000000000000000e+00
-3.108940000000000037e-01,1.008349999999999941e-01,1.000000000000000000e+00
-3.426759999999999806e-01,-1.648709999999999898e-01,4.000000000000000000e+00
-2.843149999999999844e-01,2.289190000000000114e-01,1.000000000000000000e+00
-3.381700000000000261e-01,2.222389999999999921e-01,1.000000000000000000e+00
-4.136489999999999612e-03,-2.055109999999999923e-02,3.000000000000000000e+00
-2.263010000000000022e-01,-2.322649999999999992e-01,4.000000000000000000e+00
-1.689789999999999903e-01,-1.326229999999999909e-01,4.000000000000000000e+00
-1.232940000000000008e-01,-1.798019999999999896e-01,4.000000000000000000e+00
-3.967299999999999993e-02,1.332030000000000020e-02,3.000000000000000000e+00
-4.280309999999999671e-02,-3.530280000000000223e-02,3.000000000000000000e+00
-7.059360000000000634e-02,3.003520000000000148e-02,3.000000000000000000e+00
-2.006000000000000005e-01,1.031849999999999989e-01,1.000000000000000000e+00
-2.631850000000000023e-01,5.327740000000000253e-02,1.000000000000000000e+00
-3.074790000000000023e-01,2.918189999999999951e-01,1.000000000000000000e+00
1.297680000000000014e-02,2.822100000000000164e-01,2.000000000000000000e+00
-7.759979999999999656e-04,2.945840000000000125e-01,2.000000000000000000e+00
-1.150370000000000004e-01,-5.662860000000000116e-02,3.000000000000000000e+00
-2.863680000000000114e-01,1.689289999999999958e-01,1.000000000000000000e+00
-2.489580000000000126e-01,-1.794099999999999862e-01,4.000000000000000000e+00
1.028899999999999954e-02,6.438499999999999779e-02,3.000000000000000000e+00
-3.666170000000000262e-01,1.934510000000000118e-01,1.000000000000000000e+00
1.269440000000000013e-01,4.138069999999999804e-01,2.000000000000000000e+00
-2.367960000000000065e-01,-1.723899999999999877e-01,4.000000000000000000e+00
8.343229999999999874e-04,2.861690000000000067e-01,2.000000000000000000e+00
-3.497100000000000208e-01,-2.262909999999999922e-01,4.000000000000000000e+00
-7.431350000000000455e-02,3.176030000000000242e-01,2.000000000000000000e+00
1.931759999999999866e-01,2.357990000000000086e-01,2.000000000000000000e+00
-8.629509999999999958e-02,2.873279999999999723e-01,2.000000000000000000e+00
9.423549999999999982e-02,2.479850000000000110e-01,2.000000000000000000e+00
-2.685299999999999909e-01,5.453240000000000171e-02,1.000000000000000000e+00
-6.650140000000000218e-02,-1.887049999999999839e-02,3.000000000000000000e+00
3.901439999999999769e-02,2.730650000000000022e-01,2.000000000000000000e+00
-2.057830000000000076e-02,4.001029999999999864e-01,2.000000000000000000e+00
9.097689999999999944e-02,3.960190000000000238e-02,3.000000000000000000e+00
1.388800000000000034e-01,5.643100000000000199e-02,3.000000000000000000e+00
-3.822380000000000222e-01,-2.303080000000000127e-01,4.000000000000000000e+00
-1.402289999999999925e-01,-1.274790000000000090e-01,4.000000000000000000e+00
-2.478019999999999945e-01,1.815650000000000042e-01,1.000000000000000000e+00
-2.154290000000000024e-02,6.432759999999999867e-02,3.000000000000000000e+00
-4.943740000000000287e-03,2.324120000000000075e-01,2.000000000000000000e+00
-8.183740000000000112e-03,2.201019999999999921e-01,2.000000000000000000e+00
-2.196160000000000057e-01,-1.931920000000000026e-01,4.000000000000000000e+00
-3.325560000000000183e-01,-1.954629999999999909e-02,4.000000000000000000e+00
2.111010000000000109e-01,2.509730000000000016e-01,2.000000000000000000e+00
2.200610000000000066e-01,2.700779999999999847e-01,2.000000000000000000e+00
-3.006440000000000223e-01,6.319929999999999992e-02,1.000000000000000000e+00
-2.733309999999999906e-01,-2.080500000000000127e-01,4.000000000000000000e+00
1.040250000000000064e-01,2.659380000000000077e-01,2.000000000000000000e+00
1.265239999999999941e-02,3.977240000000000220e-01,2.000000000000000000e+00
-1.079360000000000042e-01,2.990970000000000018e-01,2.000000000000000000e+00
-2.471039999999999903e-01,2.654900000000000038e-01,1.000000000000000000e+00
2.284029999999999828e-03,3.931419999999999915e-01,2.000000000000000000e+00
1.181360000000000049e-02,6.951519999999999921e-02,3.000000000000000000e+00
-1.213889999999999969e-01,5.705530000000000324e-02,3.000000000000000000e+00
9.002110000000000667e-02,3.723580000000000223e-01,2.000000000000000000e+00
-2.773029999999999939e-02,4.322349999999999803e-01,2.000000000000000000e+00
-9.111959999999999504e-02,1.758830000000000072e-03,3.000000000000000000e+00
3.376930000000000209e-03,1.012229999999999935e-01,3.000000000000000000e+00
-1.934619999999999951e-01,2.932310000000000194e-01,1.000000000000000000e+00
-3.989000000000000185e-02,2.244259999999999866e-01,2.000000000000000000e+00
1.703050000000000119e-01,3.664950000000000152e-01,2.000000000000000000e+00
3.463490000000000318e-02,3.225520000000000054e-01,2.000000000000000000e+00
8.129870000000000152e-02,-4.819029999999999841e-02,3.000000000000000000e+00
-3.830919999999999881e-01,2.216990000000000072e-01,1.000000000000000000e+00
-2.335369999999999946e-01,2.246650000000000036e-01,1.000000000000000000e+00
-3.824670000000000014e-01,2.516720000000000068e-01,1.000000000000000000e+00
-2.173140000000000141e-02,4.007700000000000151e-01,2.000000000000000000e+00
-9.553799999999999792e-02,-4.427670000000000217e-02,3.000000000000000000e+00
-4.451750000000000151e-02,-5.849859999999999782e-02,3.000000000000000000e+00
1.507219999999999949e-01,2.817979999999999929e-01,2.000000000000000000e+00
-4.198819999999999775e-01,-2.351330000000000087e-01,4.000000000000000000e+00
-2.276080000000000048e-01,2.201380000000000003e-01,1.000000000000000000e+00
-1.637740000000000029e-01,-8.490129999999999899e-02,4.000000000000000000e+00
-2.938239999999999741e-01,-1.281970000000000054e-01,4.000000000000000000e+00
-2.545069999999999832e-01,-2.099820000000000020e-01,4.000000000000000000e+00
-3.876669999999999838e-01,-2.639139999999999819e-01,4.000000000000000000e+00
-3.843610000000000082e-01,-2.014370000000000049e-01,4.000000000000000000e+00
1.014209999999999973e-01,2.698720000000000008e-01,2.000000000000000000e+00
7.917299999999999338e-02,-2.345409999999999856e-02,3.000000000000000000e+00
-8.579340000000000577e-02,3.374199999999999977e-01,2.000000000000000000e+00
-3.012230000000000185e-01,9.729949999999999710e-02,1.000000000000000000e+00
7.514550000000000396e-02,2.782720000000000193e-01,2.000000000000000000e+00
-1.162109999999999949e-01,-1.460390000000000021e-01,4.000000000000000000e+00
1.802060000000000051e-01,3.649569999999999897e-02,3.000000000000000000e+00
2.139969999999999928e-01,2.412219999999999920e-01,2.000000000000000000e+00
-3.210520000000000040e-01,-5.964520000000000238e-02,4.000000000000000000e+00
-9.060930000000000373e-02,1.878130000000000077e-02,3.000000000000000000e+00
-1.705039999999999898e-03,2.187429999999999930e-01,2.000000000000000000e+00
3.778700000000000114e-02,-1.084009999999999974e-01,3.000000000000000000e+00
-3.158860000000000001e-01,-4.023009999999999781e-02,4.000000000000000000e+00
1.779870000000000063e-01,2.981710000000000194e-01,2.000000000000000000e+00
1.600669999999999871e-01,2.401870000000000116e-01,2.000000000000000000e+00
-3.564069999999999738e-01,1.419769999999999921e-01,1.000000000000000000e+00
-4.451609999999999734e-01,-1.661529999999999951e-01,4.000000000000000000e+00
-3.376910000000000189e-01,-1.723810000000000064e-01,4.000000000000000000e+00
-2.428039999999999921e-01,2.046469999999999956e-01,1.000000000000000000e+00
1.114600000000000035e-01,3.711260000000000253e-02,3.000000000000000000e+00
-3.207279999999999853e-02,-4.123250000000000179e-03,3.000000000000000000e+00
1.506119999999999959e-01,2.801370000000000249e-01,2.000000000000000000e+00
3.137899999999999717e-02,-4.241559999999999775e-02,3.000000000000000000e+00
-2.277809999999999904e-02,1.034189999999999970e-01,3.000000000000000000e+00
9.474389999999999201e-03,-3.883539999999999909e-02,3.000000000000000000e+00
-3.142090000000000161e-01,2.009440000000000115e-01,1.000000000000000000e+00
1.357119999999999993e-01,3.023910000000000209e-01,2.000000000000000000e+00
-5.768229999999999885e-02,1.216689999999999994e-01,3.000000000000000000e+00
-2.238559999999999994e-01,1.603179999999999883e-01,1.000000000000000000e+00
-2.994439999999999880e-01,-1.981130000000000113e-01,4.000000000000000000e+00
1.985999999999999918e-02,2.283250000000000002e-01,2.000000000000000000e+00
-3.013839999999999852e-01,8.885270000000000667e-02,1.000000000000000000e+00
3.679659999999999875e-02,3.252430000000000043e-01,2.000000000000000000e+00
1.576220000000000121e-01,1.743420000000000039e-02,3.000000000000000000e+00
-2.973709999999999964e-01,5.940020000000000022e-02,1.000000000000000000e+00
1.128720000000000001e-01,2.436139999999999972e-01,2.000000000000000000e+00
-3.968470000000000053e-01,-2.828899999999999748e-01,4.000000000000000000e+00
-3.447140000000000204e-01,2.403760000000000063e-01,1.000000000000000000e+00
-1.426800000000000013e-01,1.719249999999999945e-02,3.000000000000000000e+00
-4.444580000000000197e-01,-1.931380000000000041e-01,4.000000000000000000e+00
1.258680000000000077e-01,3.101260000000000128e-01,2.000000000000000000e+00
-3.564860000000000251e-01,-1.162320000000000020e-01,4.000000000000000000e+00
-7.802580000000000626e-02,2.707100000000000062e-01,2.000000000000000000e+00
-2.091629999999999878e-01,-8.482699999999999962e-02,4.000000000000000000e+00
-2.307379999999999987e-01,9.461579999999999990e-02,1.000000000000000000e+00
-2.669670000000000029e-02,8.308930000000000482e-02,3.000000000000000000e+00
-1.931150000000000089e-01,-1.045299999999999979e-01,4.000000000000000000e+00
-3.201620000000000021e-01,-2.548369999999999802e-01,4.000000000000000000e+00
1.267699999999999938e-01,-4.333469999999999683e-02,3.000000000000000000e+00
-4.199109999999999787e-01,-1.217209999999999959e-01,4.000000000000000000e+00
-2.689759999999999929e-01,2.930880000000000152e-01,1.000000000000000000e+00
-1.069299999999999973e-01,-9.236580000000000528e-04,3.000000000000000000e+00
2.382849999999999899e-02,-2.710020000000000137e-02,3.000000000000000000e+00
2.214970000000000133e-03,6.374440000000000661e-02,3.000000000000000000e+00
9.269460000000000199e-03,6.656040000000000220e-03,3.000000000000000000e+00
-2.164230000000000043e-01,2.275129999999999930e-01,1.000000000000000000e+00
-5.991280000000000217e-02,3.118690000000000073e-01,2.000000000000000000e+00
4.279890000000000083e-02,4.278080000000000216e-01,2.000000000000000000e+00
-3.575240000000000085e-01,-5.365530000000000299e-02,4.000000000000000000e+00
-1.641389999999999863e-02,-4.846400000000000013e-02,3.000000000000000000e+00
-1.459419999999999884e-01,-1.543180000000000107e-01,4.000000000000000000e+00
-2.926460000000000172e-02,-6.587529999999999775e-02,3.000000000000000000e+00
2.854210000000000080e-02,3.056809999999999805e-01,2.000000000000000000e+00
-2.656749999999999945e-01,1.872169999999999945e-01,1.000000000000000000e+00
2.205450000000000119e-02,4.092189999999999994e-01,2.000000000000000000e+00
-1.338830000000000020e-01,3.281009999999999760e-01,2.000000000000000000e+00
-1.184319999999999956e-01,3.225120000000000209e-01,2.000000000000000000e+00
-3.335369999999999724e-01,2.855380000000000140e-01,1.000000000000000000e+00
-3.083029999999999937e-01,-2.890979999999999939e-02,4.000000000000000000e+00
-2.920300000000000118e-01,-3.032679999999999820e-01,4.000000000000000000e+00
-3.446679999999999744e-01,1.582739999999999980e-01,1.000000000000000000e+00
-2.085680000000000034e-01,2.811469999999999803e-01,1.000000000000000000e+00
-3.282790000000000014e-02,3.295790000000000108e-01,2.000000000000000000e+00
1.205920000000000047e-01,3.946829999999999783e-02,3.000000000000000000e+00
-2.760480000000000156e-01,1.013119999999999993e-01,1.000000000000000000e+00
2.606620000000000117e-02,3.301109999999999878e-01,2.000000000000000000e+00
-2.182860000000000078e-01,-1.134870000000000045e-01,4.000000000000000000e+00
-2.191039999999999932e-01,1.535880000000000023e-01,1.000000000000000000e+00
7.055579999999999664e-03,3.459320000000000173e-01,2.000000000000000000e+00
-3.868889999999999829e-01,-2.053149999999999975e-01,4.000000000000000000e+00
9.170849999999999835e-02,-6.747670000000000057e-02,3.000000000000000000e+00
-2.730339999999999989e-01,2.862500000000000044e-01,1.000000000000000000e+00
-2.270739999999999981e-01,-7.800210000000000476e-02,4.000000000000000000e+00
-3.017549999999999955e-01,-2.388369999999999937e-01,4.000000000000000000e+00
3.596329999999999666e-02,9.229179999999999329e-02,3.000000000000000000e+00
-2.308159999999999934e-01,-2.796230000000000104e-01,4.000000000000000000e+00
-6.234479999999999883e-02,3.558890000000000109e-01,2.000000000000000000e+00
-2.328340000000000132e-01,4.202879999999999810e-02,1.000000000000000000e+00
-3.120330000000000048e-01,1.776810000000000056e-01,1.000000000000000000e+00
1.166289999999999966e-01,3.792129999999999806e-02,3.000000000000000000e+00
1.807469999999999910e-01,2.344860000000000000e-01,2.000000000000000000e+00
-3.766570000000000334e-02,3.257820000000000160e-01,2.000000000000000000e+00
-2.713320000000000176e-01,-1.627439999999999998e-01,4.000000000000000000e+00
-2.878569999999999740e-01,-2.326890000000000069e-01,4.000000000000000000e+00
-2.438440000000000052e-01,-2.323739999999999972e-01,4.000000000000000000e+00
-7.729180000000000425e-03,3.134979999999999989e-01,2.000000000000000000e+00
1.283449999999999869e-01,4.043729999999999825e-01,2.000000000000000000e+00
-3.792960000000000220e-01,2.589009999999999923e-01,1.000000000000000000e+00
-2.333969999999999934e-01,-1.740629999999999955e-01,4.000000000000000000e+00
1.779700000000000032e-02,3.436370000000000258e-01,2.000000000000000000e+00
-2.295629999999999893e-02,4.158519999999999994e-01,2.000000000000000000e+00
1.053859999999999936e-01,2.071709999999999940e-01,2.000000000000000000e+00
-1.908160000000000134e-01,-1.639589999999999936e-01,4.000000000000000000e+00
-3.731949999999999990e-01,2.323679999999999912e-01,1.000000000000000000e+00
4.121799999999999770e-02,3.969440000000000190e-01,2.000000000000000000e+00
-1.042040000000000050e-01,1.014309999999999934e-01,3.000000000000000000e+00
-6.257359999999999312e-02,3.537210000000000076e-01,2.000000000000000000e+00
-4.052939999999999876e-01,-2.493450000000000111e-01,4.000000000000000000e+00
-2.098720000000000030e-01,-1.849179999999999990e-01,4.000000000000000000e+00
1.202290000000000025e-01,-6.672150000000000303e-02,3.000000000000000000e+00
1.715760000000000063e-01,3.498359999999999803e-01,2.000000000000000000e+00
-2.785750000000000171e-01,1.971660000000000079e-01,1.000000000000000000e+00
1.402420000000000055e-01,4.742430000000000256e-02,3.000000000000000000e+00
-9.596340000000000425e-02,3.216939999999999800e-01,2.000000000000000000e+00
-2.901759999999999895e-01,-1.689460000000000128e-01,4.000000000000000000e+00
-9.888859999999999317e-02,4.986530000000000129e-02,3.000000000000000000e+00
-2.488940000000000041e-01,3.244280000000000080e-02,1.000000000000000000e+00
-2.086489999999999873e-02,2.392819999999999947e-01,2.000000000000000000e+00
-4.504349999999999743e-01,-1.932049999999999879e-01,4.000000000000000000e+00
-3.689600000000000102e-01,1.693880000000000108e-01,1.000000000000000000e+00
5.070680000000000326e-02,1.891970000000000041e-01,2.000000000000000000e+00
-4.131839999999999957e-01,-2.644790000000000196e-01,4.000000000000000000e+00
-4.144599999999999673e-02,3.822989999999999999e-01,2.000000000000000000e+00
-3.234870000000000245e-01,-7.841099999999999459e-02,4.000000000000000000e+00
-2.606100000000000083e-01,2.476740000000000053e-01,1.000000000000000000e+00
-2.727160000000000140e-01,7.054870000000000585e-02,1.000000000000000000e+00
-1.326710000000000111e-01,-1.264959999999999973e-01,4.000000000000000000e+00
-2.439129999999999909e-01,-9.920539999999999914e-02,4.000000000000000000e+00
-4.092839999999999673e-02,7.484989999999999699e-02,3.000000000000000000e+00
-1.192539999999999989e-01,9.973049999999999971e-02,3.000000000000000000e+00
6.863759999999999306e-02,5.204170000000000323e-02,3.000000000000000000e+00
4.657960000000000052e-03,3.413419999999999788e-01,2.000000000000000000e+00
-3.536409999999999831e-01,-1.404789999999999928e-01,4.000000000000000000e+00
1.503170000000000027e-02,4.104780000000000095e-01,2.000000000000000000e+00
-2.821480000000000099e-01,4.561819999999999764e-02,1.000000000000000000e+00
7.172420000000000184e-02,1.747779999999999889e-01,2.000000000000000000e+00
1.555499999999999938e-02,3.371979999999999977e-01,2.000000000000000000e+00
-2.327619999999999967e-01,-2.531340000000000257e-01,4.000000000000000000e+00
-1.688389999999999891e-01,1.587999999999999967e-01,1.000000000000000000e+00
-2.109739999999999949e-01,1.188899999999999957e-01,1.000000000000000000e+00
1.743820000000000092e-01,2.817729999999999957e-01,2.000000000000000000e+00
2.623990000000000003e-02,-8.699110000000000176e-02,3.000000000000000000e+00
-2.301759999999999917e-01,1.618360000000000076e-01,1.000000000000000000e+00
-3.813389999999999835e-01,2.440650000000000042e-01,1.000000000000000000e+00
1.207430000000000031e-01,-5.168169999999999709e-02,3.000000000000000000e+00
6.509869999999999546e-02,3.248989999999999934e-01,2.000000000000000000e+00
-2.576089999999999769e-01,-1.125310000000000060e-01,4.000000000000000000e+00
2.647580000000000072e-02,1.996719999999999884e-01,2.000000000000000000e+00
-3.927880000000000260e-01,-3.209850000000000203e-01,4.000000000000000000e+00
1.555469999999999908e-01,2.299460000000000115e-01,2.000000000000000000e+00
-1.843899999999999983e-01,-1.766129999999999922e-01,4.000000000000000000e+00
-6.605199999999999960e-02,7.727570000000000272e-02,3.000000000000000000e+00
9.719289999999999874e-02,1.726469999999999949e-01,2.000000000000000000e+00
1.270830000000000015e-01,4.015029999999999988e-01,2.000000000000000000e+00
-1.256469999999999983e-03,-6.315199999999999980e-02,3.000000000000000000e+00
2.382590000000000055e-02,-1.472399999999999924e-02,3.000000000000000000e+00
-2.770329999999999737e-01,7.678989999999999427e-02,1.000000000000000000e+00
-3.377660000000000107e-01,-2.130740000000000134e-01,4.000000000000000000e+00
-1.683870000000000089e-01,1.660409999999999942e-01,1.000000000000000000e+00
-1.056310000000000027e-01,-4.005170000000000258e-02,3.000000000000000000e+00
-3.640669999999999740e-01,-1.347029999999999894e-01,4.000000000000000000e+00
-4.623619999999999813e-02,3.768690000000000095e-01,2.000000000000000000e+00
-3.174199999999999799e-01,-2.656209999999999960e-01,4.000000000000000000e+00
-7.447320000000000328e-02,-3.680800000000000044e-02,3.000000000000000000e+00
1.779139999999999888e-01,2.329029999999999989e-01,2.000000000000000000e+00
-2.856060000000000265e-01,1.525189999999999879e-01,1.000000000000000000e+00
9.936309999999999587e-02,2.691109999999999891e-01,2.000000000000000000e+00
-2.396300000000000097e-01,-1.860090000000000077e-01,4.000000000000000000e+00
-5.027770000000000156e-02,-3.733949999999999769e-02,3.000000000000000000e+00
-1.366519999999999957e-01,3.369730000000000225e-01,2.000000000000000000e+00
-2.916850000000000276e-01,2.799139999999999961e-01,1.000000000000000000e+00
-3.892450000000000077e-02,1.982359999999999955e-01,2.000000000000000000e+00
2.209399999999999975e-01,1.997859999999999914e-01,2.000000000000000000e+00
8.882400000000000018e-02,3.236600000000000033e-01,2.000000000000000000e+00
6.628340000000000620e-02,6.895189999999999653e-02,3.000000000000000000e+00
4.499539999999999790e-02,3.883710000000000218e-01,2.000000000000000000e+00
-9.822630000000000250e-02,2.676860000000000003e-02,3.000000000000000000e+00
-4.210729999999999751e-01,-1.607679999999999942e-01,4.000000000000000000e+00
1.220180000000000049e-02,4.349259999999999793e-01,2.000000000000000000e+00
6.894340000000000190e-02,2.382559999999999956e-01,2.000000000000000000e+00
1.283600000000000019e-01,2.397469999999999879e-01,2.000000000000000000e+00
1.758749999999999897e-02,-5.954240000000000227e-02,3.000000000000000000e+00
-1.126950000000000035e-01,5.584900000000000281e-02,3.000000000000000000e+00
1.758679999999999966e-01,2.243010000000000143e-02,3.000000000000000000e+00
-3.145100000000000118e-01,9.126339999999999453e-02,1.000000000000000000e+00
-2.859249999999999847e-01,-2.210169999999999912e-01,4.000000000000000000e+00
-3.967700000000000116e-01,-3.082289999999999752e-01,4.000000000000000000e+00
7.940519999999999523e-02,5.408000000000000307e-02,3.000000000000000000e+00
8.828239999999999699e-02,3.237450000000000050e-01,2.000000000000000000e+00
-7.302040000000000093e-03,3.449570000000000136e-01,2.000000000000000000e+00
-3.733670000000000044e-01,-1.093019999999999964e-01,4.000000000000000000e+00
1.689489999999999881e-01,2.489949999999999941e-01,2.000000000000000000e+00
-2.320979999999999988e-01,-2.846549999999999914e-01,4.000000000000000000e+00
-6.716519999999999435e-02,3.750539999999999985e-01,2.000000000000000000e+00
-3.558020000000000072e-01,2.388309999999999877e-01,1.000000000000000000e+00
-2.420980000000000076e-01,2.970809999999999840e-01,1.000000000000000000e+00
1.178690000000000015e-01,3.694370000000000293e-02,3.000000000000000000e+00
1.287190000000000001e-01,1.335409999999999930e-01,2.000000000000000000e+00
-8.042600000000000443e-03,3.379599999999999826e-01,2.000000000000000000e+00
1.317409999999999970e-01,3.263269999999999782e-01,2.000000000000000000e+00
1.233630000000000004e-01,2.924410000000000065e-01,2.000000000000000000e+00
-2.951579999999999829e-02,-3.035919999999999938e-02,3.000000000000000000e+00
-1.035349999999999986e-02,2.869849999999999901e-01,2.000000000000000000e+00
1.015230000000000021e-01,-3.502009999999999845e-02,3.000000000000000000e+00
4.631300000000000000e-02,2.977190000000000114e-01,2.000000000000000000e+00
-2.154989999999999961e-01,2.940349999999999908e-01,1.000000000000000000e+00
1.228650000000000020e-01,1.817020000000000093e-02,3.000000000000000000e+00
-2.620660000000000212e-01,2.161679999999999990e-01,1.000000000000000000e+00
-2.215969999999999884e-01,-7.580030000000000101e-02,4.000000000000000000e+00
-3.612810000000000188e-01,-2.395190000000000097e-01,4.000000000000000000e+00
-1.271779999999999959e-02,3.663600000000000190e-01,2.000000000000000000e+00
-3.447660000000000308e-02,3.755299999999999749e-01,2.000000000000000000e+00
-8.205149999999999597e-03,4.166599999999999748e-01,2.000000000000000000e+00
-2.191170000000000062e-01,5.513010000000000133e-02,1.000000000000000000e+00
-2.599639999999999937e-02,2.496809999999999863e-01,2.000000000000000000e+00
-1.032560000000000006e-01,-1.143330000000000041e-01,4.000000000000000000e+00
9.667069999999999830e-02,3.433809999999999918e-01,2.000000000000000000e+00
-1.161719999999999975e-01,3.038620000000000210e-01,2.000000000000000000e+00
1.665180000000000132e-02,-1.043760000000000000e-02,3.000000000000000000e+00
-3.483550000000000257e-01,1.376400000000000123e-01,1.000000000000000000e+00
-2.248580000000000023e-01,-2.499659999999999938e-01,4.000000000000000000e+00
1.364420000000000077e-01,2.444889999999999911e-02,3.000000000000000000e+00
-8.067109999999999559e-02,2.643380000000000174e-01,2.000000000000000000e+00
-4.032970000000000166e-01,-2.664810000000000234e-01,4.000000000000000000e+00
1.259349999999999914e-01,-6.045060000000000017e-02,3.000000000000000000e+00
-9.534860000000000557e-02,-4.386860000000000065e-02,3.000000000000000000e+00
-2.879959999999999742e-01,3.102590000000000070e-01,1.000000000000000000e+00
8.921170000000000488e-02,1.347510000000000097e-01,2.000000000000000000e+00
-7.317220000000000668e-02,-5.304609999999999881e-02,3.000000000000000000e+00
1.151599999999999985e-01,2.701270000000000060e-01,2.000000000000000000e+00
-1.044319999999999971e-02,-5.832779999999999909e-02,3.000000000000000000e+00
-3.187909999999999910e-01,-2.549339999999999939e-01,4.000000000000000000e+00
-3.638560000000000128e-01,-5.552180000000000309e-02,4.000000000000000000e+00
1.712400000000000033e-01,3.234790000000000165e-01,2.000000000000000000e+00
-5.353549999999999975e-02,3.453620000000000023e-01,2.000000000000000000e+00
-2.533490000000000048e-02,1.433730000000000074e-02,3.000000000000000000e+00
-2.503569999999999962e-01,-1.514500000000000013e-01,4.000000000000000000e+00
-2.296469999999999900e-01,-2.831969999999999765e-01,4.000000000000000000e+00
7.025270000000000126e-02,-1.094569999999999987e-01,3.000000000000000000e+00
-2.812339999999999840e-01,7.211789999999999867e-02,1.000000000000000000e+00
-3.730359999999999787e-01,1.587030000000000107e-01,1.000000000000000000e+00
-1.934369999999999978e-01,1.162220000000000059e-01,1.000000000000000000e+00
-3.396759999999999780e-01,-2.168130000000000057e-01,4.000000000000000000e+00
1.108110000000000067e-01,2.551610000000000163e-03,3.000000000000000000e+00
-2.789059999999999873e-01,2.858780000000000210e-01,1.000000000000000000e+00
-3.466969999999999774e-01,-2.200539999999999996e-01,4.000000000000000000e+00
-3.708299999999999930e-01,-1.928769999999999929e-01,4.000000000000000000e+00
-2.123500000000000110e-01,2.513329999999999731e-01,1.000000000000000000e+00
7.625039999999999596e-02,3.358240000000000114e-01,2.000000000000000000e+00
-2.523969999999999825e-01,-2.065309999999999924e-01,4.000000000000000000e+00
-3.225640000000000174e-01,-1.967460000000000042e-01,4.000000000000000000e+00
5.547679999999999972e-02,-8.843729999999999300e-03,3.000000000000000000e+00
-1.692659999999999998e-01,2.908069999999999822e-01,1.000000000000000000e+00
-2.244180000000000064e-01,1.494870000000000088e-01,1.000000000000000000e+00
-4.060670000000000113e-01,-1.918749999999999900e-01,4.000000000000000000e+00
1.126540000000000041e-01,3.454689999999999844e-02,3.000000000000000000e+00
-2.884760000000000102e-01,3.044109999999999872e-01,1.000000000000000000e+00
8.630709999999999771e-02,-1.757389999999999994e-02,3.000000000000000000e+00
9.124770000000000103e-02,1.658449999999999924e-01,2.000000000000000000e+00
3.272730000000000083e-02,1.870840000000000003e-01,2.000000000000000000e+00
1.258930000000000049e-01,2.883029999999999760e-01,2.000000000000000000e+00
-3.752610000000000112e-01,2.168329999999999980e-01,1.000000000000000000e+00
-3.738020000000000231e-01,-2.794300000000000117e-01,4.000000000000000000e+00
8.302750000000000408e-02,3.896859999999999769e-01,2.000000000000000000e+00
1.722579999999999945e-01,2.914669999999999761e-01,2.000000000000000000e+00
-2.909809999999999897e-01,-1.191659999999999942e-01,4.000000000000000000e+00
-1.176930000000000059e-01,-2.494839999999999905e-02,3.000000000000000000e+00
-3.936310000000000087e-01,-3.137719999999999954e-01,4.000000000000000000e+00
-1.843120000000000036e-01,2.802220000000000266e-01,1.000000000000000000e+00
-3.567859999999999920e-01,1.958540000000000003e-01,1.000000000000000000e+00
-3.419840000000000102e-01,2.444540000000000046e-01,1.000000000000000000e+00
-4.058740000000000264e-02,-2.762490000000000084e-02,3.000000000000000000e+00
-7.074149999999999883e-02,-3.026910000000000017e-02,3.000000000000000000e+00
-3.723899999999999988e-01,-3.536500000000000060e-02,4.000000000000000000e+00
-2.994619999999999921e-02,4.363210000000000144e-01,2.000000000000000000e+00
-3.344869999999999788e-01,3.116610000000000213e-01,1.000000000000000000e+00
7.909489999999999577e-02,2.878680000000000128e-01,2.000000000000000000e+00
-3.353439999999999754e-01,2.500479999999999925e-01,1.000000000000000000e+00
-4.451539999999999664e-02,3.703870000000000218e-01,2.000000000000000000e+00
6.207719999999999905e-02,6.373810000000000586e-02,3.000000000000000000e+00
1.306809999999999916e-01,1.294849999999999994e-02,3.000000000000000000e+00
-1.141070000000000001e-01,2.831819999999999893e-01,2.000000000000000000e+00
9.945310000000000261e-02,2.227480000000000016e-01,2.000000000000000000e+00
-2.635149999999999992e-01,-3.179919999999999969e-01,4.000000000000000000e+00
